lease,num_submitted,num_reconstructions,throughput
100,4501,0,500
100,4501,0,500
100,4501,0,500
100,4501,0,500
100,4501,0,500
100,4501,0,500
100,4501,0,500
100,4501,0,500
100,4501,0,500
100,4501,0,500
100,4501,0,500
100,4501,0,500
100,4501,0,500
100,4501,0,500
100,4501,0,500
100,4501,0,500
100,4501,0,500
100,4501,0,500
100,4501,0,500
100,4501,0,500
100,4501,0,500
100,4501,0,500
100,4501,0,500
100,4501,0,500
100,4501,0,500
100,4501,0,500
100,4501,0,500
100,4501,0,500
100,4501,0,500
100,4501,0,500
100,4501,0,500
100,4501,0,500
100,4501,0,500
100,4501,0,500
100,4501,0,500
100,4501,0,500
100,4501,0,500
100,4501,0,500
100,4501,0,500
100,4501,0,500
100,4501,0,500
100,4501,0,500
100,4501,0,500
100,4501,0,500
100,4501,0,500
100,4501,0,500
100,4501,0,500
100,4501,0,500
100,4501,0,500
100,4501,0,500
100,4501,0,500
100,4501,0,500
100,4501,0,500
100,4501,0,500
100,4501,0,500
100,4501,0,500
100,4501,0,500
100,4501,0,500
100,4501,0,500
100,4501,0,500
100,4501,0,500
100,4501,0,500
100,4501,0,500
100,4501,0,500
100,4501,0,500
100,4501,0,500
100,4501,0,500
100,4501,0,500
100,4501,0,500
100,4501,0,500
100,4501,0,500
100,4501,0,500
100,4501,0,500
100,4501,0,500
100,4501,0,500
100,4501,0,500
100,4501,0,500
100,4501,0,500
100,4501,0,500
100,4501,0,500
100,4501,0,500
100,4501,0,500
100,4501,0,500
100,4501,0,500
100,4501,0,500
100,4501,0,500
100,4501,0,500
100,4501,0,500
100,4501,0,500
100,4501,0,500
100,4501,0,500
100,4501,0,500
100,4501,0,500
100,4501,0,500
100,4501,0,500
100,4501,0,500
100,4501,0,500
100,4501,0,500
100,4501,0,500
100,4501,0,500
100,8201,0,1000
100,8201,0,1000
100,8201,0,1000
100,8201,0,1000
100,8201,0,1000
100,8201,0,1000
100,8201,0,1000
100,8201,0,1000
100,8201,0,1000
100,8201,0,1000
100,8201,0,1000
100,8201,0,1000
100,8201,0,1000
100,8201,0,1000
100,8201,0,1000
100,8201,0,1000
100,8201,0,1000
100,8201,0,1000
100,8201,0,1000
100,8201,0,1000
100,8201,0,1000
100,8201,0,1000
100,8201,0,1000
100,8201,0,1000
100,8201,0,1000
100,8201,0,1000
100,8201,0,1000
100,8201,0,1000
100,8201,0,1000
100,8201,0,1000
100,8201,0,1000
100,8201,0,1000
100,8201,0,1000
100,8201,0,1000
100,8201,0,1000
100,8201,0,1000
100,8201,0,1000
100,8201,0,1000
100,8201,0,1000
100,8201,0,1000
100,8201,0,1000
100,8201,0,1000
100,8201,0,1000
100,8201,0,1000
100,8201,0,1000
100,8201,0,1000
100,8201,0,1000
100,8201,0,1000
100,8201,0,1000
100,8201,0,1000
100,8201,0,1000
100,8201,0,1000
100,8201,0,1000
100,8201,0,1000
100,8201,0,1000
100,8201,0,1000
100,8201,0,1000
100,8201,0,1000
100,8201,0,1000
100,8201,0,1000
100,8201,0,1000
100,8201,0,1000
100,8201,0,1000
100,8201,0,1000
100,8201,0,1000
100,8201,0,1000
100,8201,0,1000
100,8201,0,1000
100,8201,0,1000
100,8201,0,1000
100,8201,0,1000
100,8201,0,1000
100,8201,0,1000
100,8201,0,1000
100,8201,0,1000
100,8201,0,1000
100,8201,0,1000
100,8201,0,1000
100,8201,0,1000
100,8201,0,1000
100,8201,0,1000
100,8201,0,1000
100,8201,0,1000
100,8201,0,1000
100,8201,0,1000
100,8201,0,1000
100,8201,0,1000
100,8201,0,1000
100,8201,0,1000
100,8201,0,1000
100,8201,0,1000
100,8201,0,1000
100,8201,0,1000
100,8201,0,1000
100,8201,0,1000
100,8201,0,1000
100,8201,0,1000
100,8201,0,1000
100,8201,0,1000
100,8201,0,1000
100,11301,0,1500
100,11301,0,1500
100,11301,0,1500
100,11301,0,1500
100,11301,0,1500
100,11301,0,1500
100,11301,0,1500
100,11301,0,1500
100,11301,0,1500
100,11301,0,1500
100,11301,0,1500
100,11301,0,1500
100,11301,0,1500
100,11301,0,1500
100,11301,0,1500
100,11301,0,1500
100,11301,0,1500
100,11301,0,1500
100,10901,0,1500
100,11301,0,1500
100,11301,0,1500
100,11301,0,1500
100,11301,0,1500
100,11301,0,1500
100,11301,0,1500
100,11301,0,1500
100,11301,0,1500
100,11301,0,1500
100,11301,0,1500
100,11301,0,1500
100,11301,0,1500
100,11301,0,1500
100,11301,0,1500
100,11301,0,1500
100,11301,0,1500
100,11301,0,1500
100,11301,0,1500
100,11301,0,1500
100,11301,0,1500
100,11301,0,1500
100,11301,0,1500
100,11301,0,1500
100,11301,0,1500
100,11301,0,1500
100,11301,0,1500
100,11301,0,1500
100,11301,0,1500
100,11301,0,1500
100,11301,0,1500
100,11301,0,1500
100,11301,0,1500
100,11301,0,1500
100,11301,0,1500
100,11301,0,1500
100,11301,0,1500
100,11301,0,1500
100,11301,0,1500
100,11301,0,1500
100,11301,0,1500
100,11301,0,1500
100,11301,0,1500
100,11301,0,1500
100,11301,0,1500
100,11301,0,1500
100,11301,0,1500
100,11301,0,1500
100,11301,0,1500
100,11301,0,1500
100,11301,0,1500
100,11301,0,1500
100,11301,0,1500
100,11301,0,1500
100,11301,0,1500
100,11301,0,1500
100,11301,0,1500
100,11301,0,1500
100,11301,0,1500
100,11301,0,1500
100,11301,0,1500
100,11301,0,1500
100,11301,0,1500
100,11301,0,1500
100,11301,0,1500
100,11301,0,1500
100,11301,0,1500
100,11301,0,1500
100,11301,0,1500
100,11301,0,1500
100,11301,0,1500
100,11301,0,1500
100,11301,0,1500
100,11301,0,1500
100,11301,0,1500
100,11301,0,1500
100,11301,0,1500
100,11301,0,1500
100,11301,0,1500
100,11301,0,1500
100,11301,0,1500
100,11301,0,1500
100,14101,0,2000
100,14101,0,2000
100,14101,0,2000
100,14101,0,2000
100,13601,0,2000
100,14101,0,2000
100,14101,0,2000
100,14101,0,2000
100,14101,0,2000
100,14101,0,2000
100,14101,0,2000
100,14101,0,2000
100,14101,0,2000
100,13601,0,2000
100,14101,0,2000
100,14101,0,2000
100,14101,0,2000
100,14101,0,2000
100,14101,0,2000
100,13601,0,2000
100,14101,0,2000
100,14101,0,2000
100,14101,0,2000
100,14101,0,2000
100,14101,0,2000
100,14101,0,2000
100,14101,0,2000
100,14101,0,2000
100,13601,0,2000
100,14101,0,2000
100,14101,0,2000
100,14101,0,2000
100,14101,0,2000
100,14101,0,2000
100,14101,0,2000
100,14101,0,2000
100,13601,0,2000
100,14101,0,2000
100,13601,0,2000
100,14101,0,2000
100,14101,0,2000
100,14101,0,2000
100,14101,0,2000
100,14101,0,2000
100,14101,0,2000
100,14101,0,2000
100,13601,0,2000
100,14101,0,2000
100,14101,0,2000
100,14101,0,2000
100,14101,0,2000
100,14101,0,2000
100,14101,0,2000
100,14101,0,2000
100,13601,0,2000
100,14101,0,2000
100,14101,0,2000
100,14101,0,2000
100,14101,0,2000
100,14101,0,2000
100,13601,0,2000
100,14101,0,2000
100,14101,0,2000
100,14101,0,2000
100,14101,0,2000
100,14101,0,2000
100,14101,0,2000
100,14101,0,2000
100,14101,0,2000
100,14101,0,2000
100,14101,0,2000
100,14101,0,2000
100,14101,0,2000
100,14101,0,2000
100,13601,0,2000
100,14101,0,2000
100,14101,0,2000
100,14101,0,2000
100,14101,0,2000
100,14101,0,2000
100,13601,0,2000
100,14101,0,2000
100,14101,0,2000
100,14101,0,2000
100,14101,0,2000
100,13601,0,2000
100,14101,0,2000
100,13601,0,2000
100,13601,0,2000
100,14101,0,2000
100,14101,0,2000
100,13601,0,2000
100,14101,0,2000
100,14101,0,2000
100,13601,0,2000
100,14101,0,2000
100,13601,0,2000
100,13601,0,2000
100,14101,0,2000
100,14101,0,2000
100,16201,0,2500
100,16201,0,2500
100,16201,0,2500
100,16201,0,2500
100,16201,0,2500
100,16201,0,2500
100,16901,0,2500
100,16901,0,2500
100,16201,0,2500
100,16901,0,2500
100,16201,0,2500
100,16201,0,2500
100,16201,0,2500
100,16201,0,2500
100,16201,0,2500
100,16201,0,2500
100,16201,0,2500
100,16201,0,2500
100,16201,0,2500
100,16201,0,2500
100,16201,0,2500
100,16201,0,2500
100,16201,0,2500
100,16201,0,2500
100,16901,0,2500
100,16901,0,2500
100,16201,0,2500
100,16201,0,2500
100,16901,0,2500
100,16201,0,2500
100,16901,0,2500
100,16201,0,2500
100,16201,0,2500
100,16801,0,2500
100,16201,0,2500
100,16201,0,2500
100,16201,0,2500
100,16201,0,2500
100,16101,0,2500
100,16201,0,2500
100,16901,0,2500
100,16201,0,2500
100,16201,0,2500
100,16901,0,2500
100,16201,0,2500
100,16201,0,2500
100,16201,0,2500
100,16201,0,2500
100,16201,0,2500
100,16201,0,2500
100,16201,0,2500
100,16201,0,2500
100,16201,0,2500
100,16201,0,2500
100,16901,0,2500
100,16201,0,2500
100,16201,0,2500
100,16201,0,2500
100,16201,0,2500
100,16201,0,2500
100,16201,0,2500
100,16201,0,2500
100,16901,0,2500
100,16201,0,2500
100,16901,0,2500
100,16201,0,2500
100,16201,0,2500
100,16201,0,2500
100,16201,0,2500
100,16201,0,2500
100,16901,0,2500
100,16201,0,2500
100,16201,0,2500
100,16201,0,2500
100,16201,0,2500
100,16201,0,2500
100,16101,0,2500
100,16201,0,2500
100,16201,0,2500
100,16201,0,2500
100,16901,0,2500
100,16201,0,2500
100,16201,0,2500
100,16201,0,2500
100,16901,0,2500
100,16201,0,2500
100,16201,0,2500
100,16201,0,2500
100,16201,0,2500
100,16201,0,2500
100,16201,0,2500
100,16901,0,2500
100,16201,0,2500
100,16201,0,2500
100,16201,0,2500
100,16201,0,2500
100,16201,0,2500
100,16901,0,2500
100,16201,0,2500
100,16201,0,2500
100,17601,0,3000
100,16901,71,3000
100,16901,0,3000
100,16901,35,3000
100,16901,24,3000
100,17701,0,3000
100,18401,0,3000
100,17701,0,3000
100,16801,20,3000
100,17601,0,3000
100,18501,0,3000
100,17701,70,3000
100,17601,0,3000
100,17701,0,3000
100,16801,107,3000
100,16901,91,3000
100,15201,598,3000
100,16901,82,3000
100,17601,0,3000
100,16801,12,3000
100,16901,54,3000
100,17701,0,3000
100,17601,0,3000
100,17601,0,3000
100,18501,0,3000
100,16901,0,3000
100,18501,0,3000
100,16101,95,3000
100,17601,0,3000
100,17701,0,3000
100,16901,0,3000
100,17701,0,3000
100,17701,0,3000
100,17701,1,3000
100,17701,33,3000
100,18501,0,3000
100,17701,0,3000
100,17701,0,3000
100,17701,0,3000
100,16101,144,3000
100,16901,8,3000
100,17701,40,3000
100,17601,0,3000
100,16901,28,3000
100,17601,0,3000
100,16001,83,3000
100,18501,55,3000
100,17701,0,3000
100,16901,90,3000
100,17601,0,3000
100,17601,0,3000
100,16901,66,3000
100,18501,0,3000
100,17601,13,3000
100,17601,41,3000
100,17701,84,3000
100,16801,0,3000
100,16101,137,3000
100,16901,85,3000
100,17601,61,3000
100,17701,6,3000
100,16801,106,3000
100,16901,28,3000
100,16901,42,3000
100,17701,60,3000
100,17701,19,3000
100,16101,0,3000
100,17701,0,3000
100,16901,0,3000
100,17601,0,3000
100,18501,22,3000
100,17601,0,3000
100,16901,0,3000
100,17701,0,3000
100,17701,0,3000
100,17701,0,3000
100,16901,384,3000
100,17701,0,3000
100,18401,0,3000
100,17601,43,3000
100,16901,36,3000
100,18401,0,3000
100,17601,0,3000
100,16901,0,3000
100,17701,0,3000
100,17701,32,3000
100,16801,70,3000
100,17701,28,3000
100,16901,0,3000
100,17601,0,3000
100,18501,0,3000
100,17701,0,3000
100,17701,64,3000
100,16901,23,3000
100,17601,0,3000
100,16901,78,3000
100,16901,55,3000
100,16001,102,3000
100,17701,0,3000
100,17701,0,3000
100,9101,1878,3500
100,10001,1647,3500
100,10001,1625,3500
100,9101,1792,3500
100,9101,2100,3500
100,10001,1655,3500
100,9101,1809,3500
100,10001,1524,3500
100,9101,1763,3500
100,10001,1612,3500
100,9101,2001,3500
100,10001,1787,3500
100,10001,1691,3500
100,10001,1604,3500
100,9101,1979,3500
100,9101,1782,3500
100,10001,1779,3500
100,10001,1654,3500
100,9101,2174,3500
100,10001,1509,3500
100,10001,1530,3500
100,10001,1604,3500
100,10001,1871,3500
100,10001,1684,3500
100,9101,1938,3500
100,10001,1477,3500
100,9101,2104,3500
100,9101,1889,3500
100,10901,1411,3500
100,9101,2039,3500
100,10001,1821,3500
100,9101,1887,3500
100,9101,1901,3500
100,10001,1930,3500
100,10001,1844,3500
100,9101,2054,3500
100,9101,2223,3500
100,10001,1887,3500
100,10001,1486,3500
100,9101,1846,3500
100,10001,1675,3500
100,10001,1906,3500
100,10001,1538,3500
100,9101,1970,3500
100,10001,1793,3500
100,10001,1634,3500
100,10001,1764,3500
100,9101,1928,3500
100,9101,2025,3500
100,9101,1878,3500
100,10001,1749,3500
100,10001,1652,3500
100,9101,2043,3500
100,10001,1682,3500
100,9101,2048,3500
100,9101,1810,3500
100,9101,2066,3500
100,10001,1605,3500
100,9101,1927,3500
100,9101,2091,3500
100,11801,1179,3500
100,9101,2020,3500
100,10001,1812,3500
100,10001,1740,3500
100,9101,1855,3500
100,10001,1618,3500
100,10001,1528,3500
100,9101,1892,3500
100,9101,1943,3500
100,10901,1455,3500
100,10001,1741,3500
100,9101,2054,3500
100,9101,1991,3500
100,10001,1968,3500
100,9101,1977,3500
100,9101,1975,3500
100,9101,1939,3500
100,10001,1472,3500
100,10001,1480,3500
100,10001,1774,3500
100,9101,1908,3500
100,9101,2044,3500
100,9101,1961,3500
100,10001,1967,3500
100,10001,1811,3500
100,10901,1436,3500
100,9101,1829,3500
100,9101,1813,3500
100,10901,1307,3500
100,10901,1394,3500
100,9101,2075,3500
100,9101,1835,3500
100,10001,1818,3500
100,10001,1564,3500
100,10001,1649,3500
100,10001,1633,3500
100,10001,1407,3500
100,9101,1908,3500
100,9101,1893,3500
100,9101,1821,3500
100,8101,3430,4000
100,8101,3360,4000
100,7101,3190,4000
100,8101,3542,4000
100,7101,3135,4000
100,8101,3439,4000
100,8101,3303,4000
100,8101,3647,4000
100,7101,3243,4000
100,8101,3429,4000
100,8101,3518,4000
100,8101,3486,4000
100,8101,3399,4000
100,8101,3396,4000
100,7101,3155,4000
100,8101,3516,4000
100,8101,3367,4000
100,8101,3526,4000
100,7101,3136,4000
100,8101,3387,4000
100,7101,3128,4000
100,7101,3590,4000
100,8101,3340,4000
100,8101,3268,4000
100,8101,3426,4000
100,8101,3526,4000
100,8101,3400,4000
100,7101,3148,4000
100,7101,3123,4000
100,7101,3191,4000
100,8101,3393,4000
100,8101,3495,4000
100,7101,3262,4000
100,7101,3219,4000
100,8101,3465,4000
100,8101,3468,4000
100,7101,3060,4000
100,7101,3108,4000
100,8101,3483,4000
100,8101,3360,4000
100,8101,3236,4000
100,8101,3442,4000
100,7101,3217,4000
100,8101,3413,4000
100,8101,3501,4000
100,8101,3438,4000
100,7101,3256,4000
100,8101,3366,4000
100,8101,3492,4000
100,8101,3658,4000
100,7101,3148,4000
100,7101,3123,4000
100,8101,3488,4000
100,8101,3613,4000
100,8101,3527,4000
100,8101,3388,4000
100,7101,3150,4000
100,8101,3505,4000
100,7101,3167,4000
100,7101,3191,4000
100,7101,3273,4000
100,8101,3467,4000
100,8101,3491,4000
100,8101,3490,4000
100,8101,3626,4000
100,8101,3550,4000
100,7101,3129,4000
100,8101,3391,4000
100,7101,3194,4000
100,8101,3597,4000
100,8101,3441,4000
100,7101,3201,4000
100,8101,3575,4000
100,8101,3390,4000
100,7101,3239,4000
100,8101,3421,4000
100,8101,3405,4000
100,8101,3610,4000
100,7101,3234,4000
100,8101,3409,4000
100,7101,3256,4000
100,8101,3304,4000
100,7101,3248,4000
100,8101,3554,4000
100,7101,3170,4000
100,7101,3209,4000
100,8101,3486,4000
100,7101,3239,4000
100,8101,3575,4000
100,8101,3455,4000
100,8101,3528,4000
100,8101,3490,4000
100,8101,3405,4000
100,8101,3317,4000
100,8101,3319,4000
100,7101,3288,4000
100,7101,3237,4000
100,7101,3192,4000
100,8101,3612,4000
100,7101,3204,4000
100,6101,4028,4500
100,7101,4493,4500
100,7001,4356,4500
100,6901,3971,4500
100,7001,4291,4500
100,6101,3898,4500
100,6101,4059,4500
100,7001,4300,4500
100,7201,4655,4500
100,6001,4031,4500
100,7001,4321,4500
100,7201,4477,4500
100,7101,4516,4500
100,6001,3880,4500
100,6001,3960,4500
100,7201,4632,4500
100,7201,4691,4500
100,6001,3798,4500
100,6101,4035,4500
100,6001,3877,4500
100,7201,4700,4500
100,6901,4014,4500
100,6101,4062,4500
100,6001,3965,4500
100,6001,3921,4500
100,7001,4277,4500
100,7101,4494,4500
100,7101,4400,4500
100,6101,4044,4500
100,6801,3894,4500
100,6801,4065,4500
100,6101,4135,4500
100,6901,4211,4500
100,6101,4033,4500
100,6101,4080,4500
100,7001,4348,4500
100,7101,4522,4500
100,6001,3844,4500
100,6101,3994,4500
100,7101,4529,4500
100,7101,4477,4500
100,7001,4244,4500
100,7101,4487,4500
100,7001,4340,4500
100,7001,4131,4500
100,6101,4209,4500
100,6101,4040,4500
100,6001,3819,4500
100,6001,3921,4500
100,6101,3898,4500
100,6001,4008,4500
100,6001,3895,4500
100,6101,4102,4500
100,7101,4428,4500
100,7001,4403,4500
100,7101,4533,4500
100,7101,4653,4500
100,7101,4455,4500
100,7201,4619,4500
100,7001,4192,4500
100,6001,3977,4500
100,7201,4541,4500
100,7101,4426,4500
100,7101,4524,4500
100,7101,4395,4500
100,7101,4433,4500
100,7101,4550,4500
100,7301,4801,4500
100,6101,3983,4500
100,7001,4258,4500
100,6101,4193,4500
100,7001,4263,4500
100,7201,4625,4500
100,7201,4793,4500
100,6001,3903,4500
100,7101,4488,4500
100,7201,4466,4500
100,6801,4032,4500
100,7201,4556,4500
100,7001,4586,4500
100,5901,3906,4500
100,7101,4424,4500
100,7101,4314,4500
100,5901,4023,4500
100,7101,4492,4500
100,7201,4441,4500
100,6001,3886,4500
100,6101,4104,4500
100,7001,4181,4500
100,7101,4615,4500
100,6101,4173,4500
100,6101,4170,4500
100,6901,4235,4500
100,7001,4257,4500
100,6901,4185,4500
100,6001,3944,4500
100,7001,4274,4500
100,7101,4679,4500
100,7201,4460,4500
100,7101,4613,4500
250,4501,0,500
250,4501,0,500
250,4501,0,500
250,4501,0,500
250,4501,0,500
250,4501,0,500
250,4501,0,500
250,4501,0,500
250,4501,0,500
250,4501,0,500
250,4501,0,500
250,4501,0,500
250,4501,0,500
250,4501,0,500
250,4501,0,500
250,4501,0,500
250,4501,0,500
250,4501,0,500
250,4501,0,500
250,4501,0,500
250,4501,0,500
250,4501,0,500
250,4501,0,500
250,4501,0,500
250,4501,0,500
250,4501,0,500
250,4501,0,500
250,4501,0,500
250,4501,0,500
250,4501,0,500
250,4501,0,500
250,4501,0,500
250,4501,0,500
250,4501,0,500
250,4501,0,500
250,4501,0,500
250,4501,0,500
250,4501,0,500
250,4501,0,500
250,4501,0,500
250,4501,0,500
250,4501,0,500
250,4501,0,500
250,4501,0,500
250,4501,0,500
250,4501,0,500
250,4501,0,500
250,4501,0,500
250,4501,0,500
250,4501,0,500
250,4501,0,500
250,4501,0,500
250,4501,0,500
250,4501,0,500
250,4501,0,500
250,4501,0,500
250,4501,0,500
250,4501,0,500
250,4501,0,500
250,4501,0,500
250,4501,0,500
250,4501,0,500
250,4501,0,500
250,4501,0,500
250,4501,0,500
250,4501,0,500
250,4501,0,500
250,4501,0,500
250,4501,0,500
250,4501,0,500
250,4501,0,500
250,4501,0,500
250,4501,0,500
250,4501,0,500
250,4501,0,500
250,4501,0,500
250,4501,0,500
250,4501,0,500
250,4501,0,500
250,4501,0,500
250,4501,0,500
250,4501,0,500
250,4501,0,500
250,4501,0,500
250,4501,0,500
250,4501,0,500
250,4501,0,500
250,4501,0,500
250,4501,0,500
250,4501,0,500
250,4501,0,500
250,4501,0,500
250,4501,0,500
250,4501,0,500
250,4501,0,500
250,4501,0,500
250,4501,0,500
250,4501,0,500
250,4501,0,500
250,4501,0,500
250,8201,0,1000
250,8201,0,1000
250,8201,0,1000
250,8201,0,1000
250,8201,0,1000
250,8201,0,1000
250,8201,0,1000
250,8201,0,1000
250,8201,0,1000
250,8201,0,1000
250,8201,0,1000
250,8201,0,1000
250,8201,0,1000
250,8201,0,1000
250,8201,0,1000
250,8201,0,1000
250,8201,0,1000
250,8201,0,1000
250,8201,0,1000
250,8201,0,1000
250,8201,0,1000
250,8201,0,1000
250,8201,0,1000
250,8201,0,1000
250,8201,0,1000
250,8201,0,1000
250,8201,0,1000
250,8201,0,1000
250,8201,0,1000
250,8201,0,1000
250,8201,0,1000
250,8201,0,1000
250,8201,0,1000
250,8201,0,1000
250,8201,0,1000
250,8201,0,1000
250,8201,0,1000
250,8201,0,1000
250,8201,0,1000
250,8201,0,1000
250,8201,0,1000
250,8201,0,1000
250,8201,0,1000
250,8201,0,1000
250,8201,0,1000
250,8201,0,1000
250,8201,0,1000
250,8201,0,1000
250,8201,0,1000
250,8201,0,1000
250,8201,0,1000
250,8201,0,1000
250,8201,0,1000
250,8201,0,1000
250,8201,0,1000
250,8201,0,1000
250,8201,0,1000
250,8201,0,1000
250,8201,0,1000
250,8201,0,1000
250,8201,0,1000
250,8201,0,1000
250,8201,0,1000
250,8201,0,1000
250,8201,0,1000
250,8201,0,1000
250,8201,0,1000
250,8201,0,1000
250,8201,0,1000
250,8201,0,1000
250,8201,0,1000
250,8201,0,1000
250,8201,0,1000
250,8201,0,1000
250,8201,0,1000
250,8201,0,1000
250,8201,0,1000
250,8201,0,1000
250,8201,0,1000
250,8201,0,1000
250,8201,0,1000
250,8201,0,1000
250,8201,0,1000
250,8201,0,1000
250,8201,0,1000
250,8201,0,1000
250,8201,0,1000
250,8201,0,1000
250,8201,0,1000
250,8201,0,1000
250,8201,0,1000
250,8201,0,1000
250,8201,0,1000
250,8201,0,1000
250,8201,0,1000
250,8201,0,1000
250,8201,0,1000
250,8201,0,1000
250,8201,0,1000
250,8201,0,1000
250,11301,0,1500
250,11301,0,1500
250,11301,0,1500
250,11301,0,1500
250,11301,0,1500
250,11301,0,1500
250,11301,0,1500
250,11301,0,1500
250,11301,0,1500
250,11301,0,1500
250,11301,0,1500
250,11301,0,1500
250,11301,0,1500
250,11301,0,1500
250,11301,0,1500
250,11301,0,1500
250,11301,0,1500
250,11301,0,1500
250,11301,0,1500
250,11301,0,1500
250,11301,0,1500
250,11301,0,1500
250,11301,0,1500
250,11301,0,1500
250,11301,0,1500
250,11301,0,1500
250,11301,0,1500
250,11301,0,1500
250,11301,0,1500
250,11301,0,1500
250,11301,0,1500
250,11301,0,1500
250,11301,0,1500
250,11301,0,1500
250,11301,0,1500
250,11301,0,1500
250,11301,0,1500
250,11301,0,1500
250,11301,0,1500
250,11301,0,1500
250,11301,0,1500
250,11301,0,1500
250,11301,0,1500
250,11301,0,1500
250,11301,0,1500
250,11301,0,1500
250,11301,0,1500
250,11301,0,1500
250,11301,0,1500
250,11301,0,1500
250,11301,0,1500
250,11301,0,1500
250,11301,0,1500
250,11301,0,1500
250,11301,0,1500
250,11301,0,1500
250,11301,0,1500
250,11301,0,1500
250,11301,0,1500
250,11301,0,1500
250,11301,0,1500
250,11301,0,1500
250,11301,0,1500
250,11301,0,1500
250,11301,0,1500
250,11301,0,1500
250,11301,0,1500
250,11301,0,1500
250,11301,0,1500
250,11301,0,1500
250,11301,0,1500
250,11301,0,1500
250,10901,0,1500
250,11301,0,1500
250,11301,0,1500
250,11301,0,1500
250,11301,0,1500
250,11301,0,1500
250,11301,0,1500
250,11301,0,1500
250,11301,0,1500
250,11301,0,1500
250,11301,0,1500
250,11301,0,1500
250,11301,0,1500
250,11301,0,1500
250,11301,0,1500
250,11301,0,1500
250,11301,0,1500
250,11301,0,1500
250,11301,0,1500
250,11301,0,1500
250,11301,0,1500
250,11301,0,1500
250,11301,0,1500
250,11301,0,1500
250,11301,0,1500
250,11301,0,1500
250,11301,0,1500
250,11301,0,1500
250,14101,0,2000
250,14101,0,2000
250,14101,0,2000
250,13601,0,2000
250,14101,0,2000
250,13601,0,2000
250,14101,0,2000
250,14101,0,2000
250,14101,0,2000
250,13601,0,2000
250,14101,0,2000
250,14101,0,2000
250,14101,0,2000
250,13601,0,2000
250,14101,0,2000
250,13601,0,2000
250,14101,0,2000
250,14101,0,2000
250,13601,0,2000
250,14101,0,2000
250,13601,0,2000
250,14101,0,2000
250,13601,0,2000
250,14101,0,2000
250,14101,0,2000
250,14101,0,2000
250,14101,0,2000
250,13601,0,2000
250,14101,0,2000
250,14101,0,2000
250,14101,0,2000
250,14101,0,2000
250,14101,0,2000
250,14101,0,2000
250,14101,0,2000
250,14101,0,2000
250,14101,0,2000
250,14101,0,2000
250,13601,0,2000
250,14101,0,2000
250,14101,0,2000
250,14101,0,2000
250,14101,0,2000
250,14101,0,2000
250,14101,0,2000
250,14101,0,2000
250,13601,0,2000
250,14101,0,2000
250,13601,0,2000
250,14101,0,2000
250,14101,0,2000
250,14101,0,2000
250,14101,0,2000
250,14101,0,2000
250,14101,0,2000
250,14101,0,2000
250,14101,0,2000
250,14101,0,2000
250,14101,0,2000
250,14101,0,2000
250,13601,0,2000
250,13601,0,2000
250,14101,0,2000
250,14101,0,2000
250,14101,0,2000
250,14101,0,2000
250,14101,0,2000
250,13601,0,2000
250,13601,0,2000
250,14101,0,2000
250,14101,0,2000
250,13601,0,2000
250,14101,0,2000
250,14101,0,2000
250,14101,0,2000
250,14101,0,2000
250,14101,0,2000
250,13601,0,2000
250,14101,0,2000
250,14101,0,2000
250,14101,0,2000
250,14101,0,2000
250,14101,0,2000
250,14101,0,2000
250,14101,0,2000
250,14101,0,2000
250,14101,0,2000
250,13601,0,2000
250,13601,0,2000
250,13601,0,2000
250,14101,0,2000
250,14101,0,2000
250,14101,0,2000
250,14101,0,2000
250,13601,0,2000
250,14101,0,2000
250,13601,0,2000
250,14101,0,2000
250,14101,0,2000
250,14101,0,2000
250,16201,0,2500
250,16201,0,2500
250,16201,0,2500
250,16201,0,2500
250,16201,0,2500
250,16201,0,2500
250,16201,0,2500
250,16201,0,2500
250,16201,0,2500
250,16201,0,2500
250,16201,0,2500
250,16201,0,2500
250,16201,0,2500
250,16201,0,2500
250,16201,0,2500
250,16201,0,2500
250,16901,0,2500
250,16701,0,2500
250,16901,0,2500
250,16201,0,2500
250,16201,0,2500
250,16101,0,2500
250,16201,0,2500
250,16201,0,2500
250,16201,0,2500
250,16201,0,2500
250,16201,0,2500
250,16901,0,2500
250,16201,0,2500
250,16201,0,2500
250,16201,0,2500
250,16901,0,2500
250,16201,0,2500
250,16201,0,2500
250,16201,0,2500
250,16201,0,2500
250,16201,0,2500
250,16201,0,2500
250,16201,0,2500
250,16201,0,2500
250,16901,0,2500
250,16201,0,2500
250,16201,0,2500
250,16201,0,2500
250,16901,0,2500
250,16201,0,2500
250,16201,0,2500
250,16201,0,2500
250,16201,0,2500
250,16201,0,2500
250,16201,0,2500
250,16201,0,2500
250,16201,0,2500
250,16201,0,2500
250,16201,0,2500
250,16201,0,2500
250,16201,0,2500
250,16201,0,2500
250,16101,0,2500
250,16201,0,2500
250,16201,0,2500
250,16201,0,2500
250,16201,0,2500
250,16201,0,2500
250,16201,0,2500
250,16901,0,2500
250,16901,0,2500
250,16201,0,2500
250,16201,0,2500
250,16201,0,2500
250,16201,0,2500
250,16901,0,2500
250,16201,0,2500
250,16201,0,2500
250,16201,0,2500
250,16201,0,2500
250,16201,0,2500
250,16201,0,2500
250,16201,0,2500
250,16201,0,2500
250,16201,0,2500
250,16201,0,2500
250,16201,0,2500
250,16201,0,2500
250,16201,0,2500
250,16201,0,2500
250,16201,0,2500
250,16201,0,2500
250,16201,0,2500
250,16201,0,2500
250,16201,0,2500
250,16201,0,2500
250,16901,0,2500
250,16201,0,2500
250,16201,0,2500
250,16201,0,2500
250,16201,0,2500
250,16901,0,2500
250,16201,0,2500
250,16201,0,2500
250,17601,0,3000
250,16901,0,3000
250,16901,0,3000
250,17601,0,3000
250,17601,0,3000
250,18501,0,3000
250,16901,0,3000
250,17701,0,3000
250,18501,0,3000
250,16901,0,3000
250,16801,0,3000
250,18501,0,3000
250,17701,0,3000
250,18401,0,3000
250,17601,0,3000
250,17601,0,3000
250,18501,0,3000
250,16101,0,3000
250,18501,0,3000
250,17701,0,3000
250,17601,0,3000
250,16901,0,3000
250,16101,0,3000
250,17701,0,3000
250,17701,0,3000
250,17701,0,3000
250,16901,0,3000
250,16901,0,3000
250,17701,0,3000
250,17601,0,3000
250,16901,0,3000
250,17601,0,3000
250,16901,0,3000
250,18501,0,3000
250,16901,0,3000
250,17701,0,3000
250,17701,0,3000
250,17701,0,3000
250,18501,0,3000
250,17701,0,3000
250,17701,0,3000
250,16901,0,3000
250,16801,0,3000
250,16101,0,3000
250,17701,0,3000
250,16901,0,3000
250,18501,0,3000
250,17701,0,3000
250,17701,0,3000
250,16901,0,3000
250,18401,0,3000
250,17601,0,3000
250,17601,0,3000
250,16801,0,3000
250,16901,0,3000
250,16901,0,3000
250,16901,0,3000
250,18501,0,3000
250,17701,0,3000
250,17701,0,3000
250,17601,0,3000
250,16901,0,3000
250,16901,0,3000
250,16801,0,3000
250,17601,0,3000
250,17701,0,3000
250,16801,0,3000
250,17701,0,3000
250,17701,0,3000
250,17701,0,3000
250,17701,0,3000
250,17601,0,3000
250,17701,0,3000
250,17701,0,3000
250,16901,0,3000
250,18401,0,3000
250,17701,0,3000
250,16901,0,3000
250,16901,0,3000
250,17701,0,3000
250,18501,0,3000
250,17701,0,3000
250,17701,0,3000
250,17701,0,3000
250,16901,0,3000
250,17701,0,3000
250,16801,0,3000
250,16001,0,3000
250,18401,0,3000
250,17701,0,3000
250,16101,0,3000
250,16901,0,3000
250,17701,0,3000
250,18501,0,3000
250,17701,0,3000
250,17701,0,3000
250,16901,0,3000
250,17701,0,3000
250,16901,0,3000
250,17701,0,3000
250,10001,222,3500
250,10001,228,3500
250,10001,279,3500
250,10001,210,3500
250,9101,355,3500
250,10001,146,3500
250,10001,199,3500
250,10001,186,3500
250,10001,268,3500
250,10001,232,3500
250,10901,153,3500
250,10001,233,3500
250,10001,281,3500
250,10001,140,3500
250,9101,370,3500
250,11801,121,3500
250,10001,126,3500
250,9101,233,3500
250,10001,210,3500
250,10001,118,3500
250,11801,84,3500
250,11801,143,3500
250,10001,221,3500
250,9101,343,3500
250,10901,112,3500
250,9101,325,3500
250,13601,179,3500
250,9101,241,3500
250,10001,218,3500
250,10001,191,3500
250,10901,123,3500
250,10001,165,3500
250,9101,292,3500
250,9101,289,3500
250,10901,272,3500
250,10001,249,3500
250,10001,208,3500
250,10001,129,3500
250,9101,323,3500
250,10001,278,3500
250,9101,355,3500
250,10001,202,3500
250,10001,213,3500
250,9101,269,3500
250,10901,162,3500
250,10001,170,3500
250,10001,157,3500
250,9101,215,3500
250,10901,171,3500
250,9101,258,3500
250,9101,286,3500
250,10001,151,3500
250,10901,134,3500
250,9101,279,3500
250,9101,217,3500
250,10001,192,3500
250,9101,462,3500
250,10001,144,3500
250,9101,247,3500
250,9101,340,3500
250,10001,193,3500
250,9101,362,3500
250,10001,176,3500
250,9101,263,3500
250,9101,297,3500
250,10001,153,3500
250,10001,185,3500
250,10001,175,3500
250,10001,183,3500
250,9101,317,3500
250,9101,308,3500
250,10901,292,3500
250,10001,148,3500
250,9101,230,3500
250,9101,497,3500
250,10001,228,3500
250,9101,283,3500
250,10001,184,3500
250,12701,148,3500
250,10901,104,3500
250,9101,249,3500
250,9101,316,3500
250,9101,248,3500
250,10001,216,3500
250,10001,119,3500
250,9101,431,3500
250,9101,267,3500
250,10901,304,3500
250,9101,255,3500
250,11801,232,3500
250,10001,157,3500
250,10001,155,3500
250,9101,228,3500
250,9101,330,3500
250,10001,192,3500
250,11801,108,3500
250,10001,188,3500
250,9101,394,3500
250,9101,320,3500
250,9101,327,3500
250,7101,1464,4000
250,8101,1410,4000
250,7101,1487,4000
250,8101,1456,4000
250,7101,1509,4000
250,7101,1548,4000
250,7101,1539,4000
250,8101,1572,4000
250,7101,1526,4000
250,8101,1491,4000
250,7101,1465,4000
250,7101,1450,4000
250,7101,1471,4000
250,8101,1565,4000
250,7101,1437,4000
250,8101,1504,4000
250,8101,1562,4000
250,8101,1495,4000
250,7101,1504,4000
250,8101,1565,4000
250,7101,1433,4000
250,8101,1504,4000
250,7101,1495,4000
250,7101,1445,4000
250,7101,1489,4000
250,7101,1484,4000
250,8101,1465,4000
250,7101,1497,4000
250,7101,1425,4000
250,8101,1523,4000
250,8101,1494,4000
250,7101,1534,4000
250,8101,1583,4000
250,7101,1505,4000
250,7101,1507,4000
250,8101,1606,4000
250,7101,1517,4000
250,7101,1443,4000
250,7101,1439,4000
250,8101,1551,4000
250,8101,1547,4000
250,8101,1535,4000
250,8101,1387,4000
250,8101,1587,4000
250,8101,1575,4000
250,8101,1564,4000
250,8101,1566,4000
250,8101,1503,4000
250,7101,1524,4000
250,7101,1624,4000
250,7101,1463,4000
250,7101,1589,4000
250,7101,1473,4000
250,7101,1533,4000
250,8101,1602,4000
250,7101,1475,4000
250,7101,1456,4000
250,7101,1518,4000
250,7101,1544,4000
250,8101,1527,4000
250,7101,1447,4000
250,8101,1525,4000
250,8101,1395,4000
250,7101,1528,4000
250,8101,1494,4000
250,8101,1608,4000
250,7101,1503,4000
250,7101,1476,4000
250,8101,1587,4000
250,7101,1562,4000
250,7101,1465,4000
250,8101,1650,4000
250,8101,1602,4000
250,7101,1438,4000
250,7101,1483,4000
250,7101,1462,4000
250,7101,1570,4000
250,8101,1416,4000
250,7101,1529,4000
250,8101,1592,4000
250,7101,1498,4000
250,7101,1398,4000
250,8101,1667,4000
250,8101,1466,4000
250,7101,1454,4000
250,7101,1477,4000
250,7101,1465,4000
250,8101,1511,4000
250,8101,1538,4000
250,8101,1601,4000
250,7101,1520,4000
250,8101,1629,4000
250,8101,1482,4000
250,8101,1609,4000
250,7101,1478,4000
250,7101,1513,4000
250,7101,1480,4000
250,7101,1520,4000
250,7101,1413,4000
250,7101,1516,4000
250,6901,2424,4500
250,6901,2552,4500
250,6001,2529,4500
250,6001,2440,4500
250,6101,2530,4500
250,7101,2754,4500
250,7101,2841,4500
250,6101,2620,4500
250,6101,2635,4500
250,7201,2900,4500
250,6001,2546,4500
250,6001,2449,4500
250,7001,2669,4500
250,7101,2846,4500
250,6101,2667,4500
250,6101,2617,4500
250,6001,2456,4500
250,6101,2570,4500
250,6101,2632,4500
250,7201,2891,4500
250,5901,2417,4500
250,7101,2838,4500
250,6001,2425,4500
250,6101,2461,4500
250,6001,2518,4500
250,5901,2493,4500
250,7101,2808,4500
250,6101,2675,4500
250,6001,2367,4500
250,6001,2481,4500
250,5901,2439,4500
250,6101,2602,4500
250,6001,2450,4500
250,7001,2693,4500
250,6101,2633,4500
250,7101,2842,4500
250,6901,2545,4500
250,6101,2552,4500
250,6001,2408,4500
250,6001,2426,4500
250,7101,2776,4500
250,7001,2543,4500
250,6101,2615,4500
250,6001,2531,4500
250,6001,2426,4500
250,7101,2752,4500
250,7001,2660,4500
250,6901,2454,4500
250,6001,2496,4500
250,7101,2903,4500
250,6101,2565,4500
250,7101,2779,4500
250,6001,2430,4500
250,6001,2491,4500
250,6101,2594,4500
250,7101,2677,4500
250,7201,2918,4500
250,6001,2547,4500
250,6001,2419,4500
250,6001,2524,4500
250,6101,2647,4500
250,7001,2605,4500
250,6101,2571,4500
250,6901,2509,4500
250,7101,2832,4500
250,6101,2594,4500
250,6101,2666,4500
250,7101,2871,4500
250,6001,2431,4500
250,6001,2488,4500
250,6001,2473,4500
250,7101,2782,4500
250,7001,2681,4500
250,5901,2356,4500
250,7101,2795,4500
250,6001,2471,4500
250,7101,2668,4500
250,6001,2442,4500
250,7101,2730,4500
250,6001,2503,4500
250,6001,2422,4500
250,6101,2582,4500
250,7001,2702,4500
250,6001,2543,4500
250,7101,2785,4500
250,7101,2868,4500
250,7101,2837,4500
250,6101,2553,4500
250,6101,2615,4500
250,7001,2658,4500
250,6101,2601,4500
250,6001,2415,4500
250,6101,2609,4500
250,6001,2421,4500
250,6001,2526,4500
250,6001,2524,4500
250,6001,2506,4500
250,6901,2621,4500
250,6901,2492,4500
250,7001,2706,4500
500,4501,0,500
500,4501,0,500
500,4501,0,500
500,4501,0,500
500,4501,0,500
500,4501,0,500
500,4501,0,500
500,4501,0,500
500,4501,0,500
500,4501,0,500
500,4501,0,500
500,4501,0,500
500,4501,0,500
500,4501,0,500
500,4501,0,500
500,4501,0,500
500,4501,0,500
500,4501,0,500
500,4501,0,500
500,4501,0,500
500,4501,0,500
500,4501,0,500
500,4501,0,500
500,4501,0,500
500,4501,0,500
500,4501,0,500
500,4501,0,500
500,4501,0,500
500,4501,0,500
500,4501,0,500
500,4501,0,500
500,4501,0,500
500,4501,0,500
500,4501,0,500
500,4501,0,500
500,4501,0,500
500,4501,0,500
500,4501,0,500
500,4501,0,500
500,4501,0,500
500,4501,0,500
500,4501,0,500
500,4501,0,500
500,4501,0,500
500,4501,0,500
500,4501,0,500
500,4501,0,500
500,4501,0,500
500,4501,0,500
500,4501,0,500
500,4501,0,500
500,4501,0,500
500,4501,0,500
500,4501,0,500
500,4501,0,500
500,4501,0,500
500,4501,0,500
500,4501,0,500
500,4501,0,500
500,4501,0,500
500,4501,0,500
500,4501,0,500
500,4501,0,500
500,4501,0,500
500,4501,0,500
500,4501,0,500
500,4501,0,500
500,4501,0,500
500,4501,0,500
500,4501,0,500
500,4501,0,500
500,4501,0,500
500,4501,0,500
500,4501,0,500
500,4501,0,500
500,4501,0,500
500,4501,0,500
500,4501,0,500
500,4501,0,500
500,4501,0,500
500,4501,0,500
500,4501,0,500
500,4501,0,500
500,4501,0,500
500,4501,0,500
500,4501,0,500
500,4501,0,500
500,4501,0,500
500,4501,0,500
500,4501,0,500
500,4501,0,500
500,4501,0,500
500,4501,0,500
500,4501,0,500
500,4501,0,500
500,4501,0,500
500,4501,0,500
500,4501,0,500
500,4501,0,500
500,4501,0,500
500,8201,0,1000
500,8201,0,1000
500,8201,0,1000
500,8201,0,1000
500,8201,0,1000
500,8201,0,1000
500,8201,0,1000
500,8201,0,1000
500,8201,0,1000
500,8201,0,1000
500,8201,0,1000
500,8201,0,1000
500,8201,0,1000
500,8201,0,1000
500,8201,0,1000
500,8201,0,1000
500,8201,0,1000
500,8201,0,1000
500,8201,0,1000
500,8201,0,1000
500,8201,0,1000
500,8201,0,1000
500,8201,0,1000
500,8201,0,1000
500,8201,0,1000
500,8201,0,1000
500,8201,0,1000
500,8201,0,1000
500,8201,0,1000
500,8201,0,1000
500,8201,0,1000
500,8201,0,1000
500,8201,0,1000
500,8201,0,1000
500,8201,0,1000
500,8201,0,1000
500,8201,0,1000
500,8201,0,1000
500,8201,0,1000
500,8201,0,1000
500,8201,0,1000
500,8201,0,1000
500,8201,0,1000
500,8201,0,1000
500,8201,0,1000
500,8201,0,1000
500,8201,0,1000
500,8201,0,1000
500,8201,0,1000
500,8201,0,1000
500,8201,0,1000
500,8201,0,1000
500,8201,0,1000
500,8201,0,1000
500,8201,0,1000
500,8201,0,1000
500,8201,0,1000
500,8201,0,1000
500,8201,0,1000
500,8201,0,1000
500,8201,0,1000
500,8201,0,1000
500,8201,0,1000
500,8201,0,1000
500,8201,0,1000
500,8201,0,1000
500,8201,0,1000
500,8201,0,1000
500,8201,0,1000
500,8201,0,1000
500,8201,0,1000
500,8201,0,1000
500,8201,0,1000
500,8201,0,1000
500,8201,0,1000
500,8201,0,1000
500,8201,0,1000
500,8201,0,1000
500,8201,0,1000
500,8201,0,1000
500,8201,0,1000
500,8201,0,1000
500,8201,0,1000
500,8201,0,1000
500,8201,0,1000
500,8201,0,1000
500,8201,0,1000
500,8201,0,1000
500,8201,0,1000
500,8201,0,1000
500,8201,0,1000
500,8201,0,1000
500,8201,0,1000
500,8201,0,1000
500,8201,0,1000
500,8201,0,1000
500,8201,0,1000
500,8201,0,1000
500,8201,0,1000
500,8201,0,1000
500,11301,0,1500
500,11301,0,1500
500,11301,0,1500
500,11301,0,1500
500,11301,0,1500
500,11301,0,1500
500,11301,0,1500
500,11301,0,1500
500,11301,0,1500
500,11301,0,1500
500,11301,0,1500
500,11301,0,1500
500,11301,0,1500
500,11301,0,1500
500,11301,0,1500
500,11301,0,1500
500,11301,0,1500
500,11301,0,1500
500,11301,0,1500
500,11301,0,1500
500,11301,0,1500
500,11301,0,1500
500,11301,0,1500
500,11301,0,1500
500,11301,0,1500
500,11301,0,1500
500,11301,0,1500
500,11301,0,1500
500,11301,0,1500
500,11301,0,1500
500,11301,0,1500
500,11301,0,1500
500,11301,0,1500
500,11301,0,1500
500,11301,0,1500
500,11301,0,1500
500,11301,0,1500
500,11301,0,1500
500,11301,0,1500
500,11301,0,1500
500,11301,0,1500
500,11301,0,1500
500,11301,0,1500
500,11301,0,1500
500,11301,0,1500
500,11301,0,1500
500,11301,0,1500
500,11301,0,1500
500,11301,0,1500
500,11301,0,1500
500,11301,0,1500
500,11301,0,1500
500,11301,0,1500
500,11301,0,1500
500,11301,0,1500
500,10901,0,1500
500,11301,0,1500
500,11301,0,1500
500,11301,0,1500
500,11301,0,1500
500,11301,0,1500
500,11301,0,1500
500,11301,0,1500
500,11301,0,1500
500,10901,0,1500
500,11301,0,1500
500,11301,0,1500
500,11301,0,1500
500,11301,0,1500
500,11301,0,1500
500,11301,0,1500
500,11301,0,1500
500,11301,0,1500
500,10901,0,1500
500,11301,0,1500
500,10901,0,1500
500,11301,0,1500
500,11301,0,1500
500,11301,0,1500
500,11301,0,1500
500,11301,0,1500
500,11301,0,1500
500,11301,0,1500
500,11301,0,1500
500,11301,0,1500
500,11301,0,1500
500,11301,0,1500
500,11301,0,1500
500,11301,0,1500
500,11301,0,1500
500,11301,0,1500
500,11301,0,1500
500,11301,0,1500
500,11301,0,1500
500,11301,0,1500
500,11301,0,1500
500,11301,0,1500
500,11301,0,1500
500,11301,0,1500
500,11301,0,1500
500,14101,0,2000
500,14101,0,2000
500,14101,0,2000
500,14101,0,2000
500,14101,0,2000
500,14101,0,2000
500,14101,0,2000
500,14101,0,2000
500,14101,0,2000
500,14101,0,2000
500,14101,0,2000
500,14101,0,2000
500,14101,0,2000
500,14101,0,2000
500,14101,0,2000
500,13601,0,2000
500,14101,0,2000
500,14101,0,2000
500,14101,0,2000
500,14101,0,2000
500,14101,0,2000
500,14101,0,2000
500,14101,0,2000
500,13601,0,2000
500,14101,0,2000
500,14101,0,2000
500,14101,0,2000
500,14101,0,2000
500,14101,0,2000
500,14101,0,2000
500,14101,0,2000
500,13601,0,2000
500,14101,0,2000
500,14101,0,2000
500,14101,0,2000
500,14101,0,2000
500,14101,0,2000
500,14101,0,2000
500,13601,0,2000
500,14101,0,2000
500,14101,0,2000
500,14101,0,2000
500,14101,0,2000
500,14101,0,2000
500,14101,0,2000
500,14101,0,2000
500,13601,0,2000
500,13601,0,2000
500,14101,0,2000
500,14101,0,2000
500,14101,0,2000
500,14101,0,2000
500,14101,0,2000
500,13601,0,2000
500,14101,0,2000
500,14101,0,2000
500,14101,0,2000
500,14101,0,2000
500,14101,0,2000
500,14101,0,2000
500,13601,0,2000
500,14101,0,2000
500,14101,0,2000
500,13601,0,2000
500,14101,0,2000
500,14101,0,2000
500,14101,0,2000
500,14101,0,2000
500,14101,0,2000
500,14101,0,2000
500,14101,0,2000
500,14101,0,2000
500,14101,0,2000
500,14101,0,2000
500,14101,0,2000
500,14101,0,2000
500,14101,0,2000
500,14101,0,2000
500,14101,0,2000
500,13601,0,2000
500,14101,0,2000
500,14101,0,2000
500,14101,0,2000
500,14101,0,2000
500,14101,0,2000
500,14101,0,2000
500,14101,0,2000
500,14101,0,2000
500,13601,0,2000
500,13601,0,2000
500,14101,0,2000
500,14101,0,2000
500,14101,0,2000
500,14101,0,2000
500,13601,0,2000
500,14101,0,2000
500,14101,0,2000
500,14101,0,2000
500,14101,0,2000
500,14101,0,2000
500,16201,0,2500
500,16201,0,2500
500,16201,0,2500
500,16201,0,2500
500,16901,0,2500
500,16901,0,2500
500,16201,0,2500
500,16201,0,2500
500,16201,0,2500
500,16201,0,2500
500,16901,0,2500
500,16201,0,2500
500,16901,0,2500
500,16201,0,2500
500,16201,0,2500
500,16201,0,2500
500,16201,0,2500
500,16201,0,2500
500,16201,0,2500
500,16201,0,2500
500,16201,0,2500
500,16901,0,2500
500,16901,0,2500
500,16201,0,2500
500,16201,0,2500
500,16201,0,2500
500,16201,0,2500
500,16201,0,2500
500,16201,0,2500
500,16901,0,2500
500,16801,0,2500
500,16201,0,2500
500,16201,0,2500
500,16201,0,2500
500,16201,0,2500
500,16201,0,2500
500,16201,0,2500
500,16201,0,2500
500,16901,0,2500
500,16201,0,2500
500,16201,0,2500
500,16801,0,2500
500,16201,0,2500
500,16201,0,2500
500,16201,0,2500
500,16201,0,2500
500,16101,0,2500
500,16901,0,2500
500,16201,0,2500
500,16201,0,2500
500,16201,0,2500
500,16201,0,2500
500,16201,0,2500
500,16901,0,2500
500,16201,0,2500
500,16201,0,2500
500,16901,0,2500
500,16201,0,2500
500,16201,0,2500
500,16201,0,2500
500,16201,0,2500
500,16201,0,2500
500,16901,0,2500
500,16201,0,2500
500,16201,0,2500
500,16201,0,2500
500,16901,0,2500
500,16201,0,2500
500,16101,0,2500
500,16201,0,2500
500,16201,0,2500
500,16201,0,2500
500,16201,0,2500
500,16201,0,2500
500,16201,0,2500
500,16201,0,2500
500,16201,0,2500
500,16101,0,2500
500,16201,0,2500
500,16201,0,2500
500,16901,0,2500
500,16201,0,2500
500,16201,0,2500
500,16901,0,2500
500,16201,0,2500
500,16201,0,2500
500,16201,0,2500
500,16201,0,2500
500,16201,0,2500
500,16201,0,2500
500,16901,0,2500
500,16201,0,2500
500,16201,0,2500
500,16201,0,2500
500,16201,0,2500
500,16901,0,2500
500,16901,0,2500
500,16201,0,2500
500,16201,0,2500
500,16801,0,2500
500,18501,0,3000
500,17701,0,3000
500,17701,0,3000
500,16901,0,3000
500,16901,0,3000
500,17701,0,3000
500,16901,0,3000
500,16101,0,3000
500,17701,0,3000
500,16801,0,3000
500,18501,0,3000
500,16901,0,3000
500,18501,0,3000
500,17701,0,3000
500,16901,0,3000
500,17701,0,3000
500,17701,0,3000
500,17701,0,3000
500,18501,0,3000
500,18501,0,3000
500,16901,0,3000
500,16901,0,3000
500,16901,0,3000
500,17701,0,3000
500,17701,0,3000
500,16901,0,3000
500,16901,0,3000
500,17701,0,3000
500,16801,0,3000
500,17701,0,3000
500,17701,0,3000
500,17701,0,3000
500,18501,0,3000
500,16901,0,3000
500,16801,0,3000
500,18401,0,3000
500,16901,0,3000
500,17601,0,3000
500,16901,0,3000
500,17601,0,3000
500,17701,0,3000
500,17701,0,3000
500,17701,0,3000
500,17601,0,3000
500,17601,0,3000
500,17701,0,3000
500,16101,0,3000
500,17701,0,3000
500,16901,0,3000
500,18501,0,3000
500,17601,0,3000
500,16901,0,3000
500,17701,0,3000
500,16901,0,3000
500,16901,0,3000
500,17701,0,3000
500,18501,0,3000
500,16101,0,3000
500,18501,0,3000
500,17701,0,3000
500,16901,0,3000
500,17701,0,3000
500,18501,0,3000
500,17701,0,3000
500,16001,0,3000
500,16801,0,3000
500,18501,0,3000
500,17601,0,3000
500,18501,0,3000
500,17701,0,3000
500,18501,0,3000
500,17701,0,3000
500,18401,0,3000
500,16801,0,3000
500,16001,0,3000
500,18401,0,3000
500,18501,0,3000
500,17601,0,3000
500,17701,0,3000
500,18401,0,3000
500,17701,0,3000
500,17601,0,3000
500,18401,0,3000
500,16901,0,3000
500,16901,0,3000
500,18401,0,3000
500,16901,0,3000
500,18501,0,3000
500,17701,0,3000
500,16901,0,3000
500,16901,0,3000
500,17701,0,3000
500,18501,0,3000
500,16901,0,3000
500,16901,0,3000
500,17701,0,3000
500,17701,0,3000
500,17601,0,3000
500,17601,0,3000
500,17601,0,3000
500,9101,0,3500
500,10901,0,3500
500,10901,0,3500
500,9101,0,3500
500,10001,0,3500
500,9101,0,3500
500,9101,0,3500
500,10001,0,3500
500,10001,0,3500
500,11801,0,3500
500,11801,0,3500
500,9101,0,3500
500,9101,0,3500
500,9101,0,3500
500,9101,0,3500
500,9101,0,3500
500,10001,0,3500
500,9101,0,3500
500,9101,0,3500
500,10901,0,3500
500,10001,0,3500
500,10901,0,3500
500,9101,0,3500
500,10001,0,3500
500,10901,0,3500
500,10001,0,3500
500,10901,0,3500
500,10001,0,3500
500,10001,0,3500
500,10901,0,3500
500,10001,0,3500
500,9101,0,3500
500,9101,0,3500
500,10901,0,3500
500,9101,0,3500
500,10001,0,3500
500,9101,0,3500
500,10901,0,3500
500,9101,0,3500
500,9101,0,3500
500,10001,0,3500
500,10901,0,3500
500,10001,0,3500
500,9101,0,3500
500,9101,0,3500
500,9101,0,3500
500,10001,0,3500
500,10001,0,3500
500,10001,0,3500
500,10001,0,3500
500,10001,0,3500
500,10001,0,3500
500,10001,0,3500
500,10001,0,3500
500,9101,0,3500
500,9101,0,3500
500,10001,0,3500
500,9101,0,3500
500,10001,0,3500
500,10001,0,3500
500,9101,0,3500
500,9101,0,3500
500,10901,0,3500
500,9101,0,3500
500,10901,0,3500
500,9101,0,3500
500,9101,0,3500
500,10001,0,3500
500,10001,0,3500
500,9101,0,3500
500,10901,0,3500
500,10901,0,3500
500,10001,0,3500
500,9101,0,3500
500,10001,0,3500
500,9101,0,3500
500,9101,0,3500
500,10001,0,3500
500,9101,0,3500
500,10001,0,3500
500,10001,0,3500
500,10901,0,3500
500,10001,0,3500
500,10901,0,3500
500,11801,0,3500
500,10001,0,3500
500,10001,0,3500
500,10901,0,3500
500,10001,0,3500
500,9101,0,3500
500,10001,0,3500
500,10001,0,3500
500,9101,0,3500
500,10901,0,3500
500,9101,0,3500
500,10001,0,3500
500,11801,0,3500
500,10001,0,3500
500,10001,0,3500
500,9101,0,3500
500,7101,129,4000
500,7101,116,4000
500,7101,121,4000
500,7101,246,4000
500,8101,104,4000
500,7101,146,4000
500,7101,133,4000
500,8101,98,4000
500,7101,133,4000
500,7101,162,4000
500,8101,79,4000
500,7101,114,4000
500,7101,236,4000
500,8101,85,4000
500,8101,93,4000
500,7101,162,4000
500,8101,124,4000
500,7101,177,4000
500,8101,90,4000
500,7101,131,4000
500,8101,127,4000
500,7101,139,4000
500,7101,110,4000
500,8101,86,4000
500,8101,86,4000
500,7101,200,4000
500,8101,100,4000
500,7101,144,4000
500,8101,84,4000
500,8101,140,4000
500,8101,101,4000
500,8101,99,4000
500,7101,158,4000
500,7101,133,4000
500,7101,184,4000
500,8101,105,4000
500,7101,211,4000
500,7101,142,4000
500,7101,177,4000
500,7101,219,4000
500,8101,113,4000
500,7101,122,4000
500,7101,179,4000
500,7101,178,4000
500,8101,110,4000
500,8101,100,4000
500,8101,146,4000
500,8101,103,4000
500,8101,128,4000
500,7101,129,4000
500,8101,116,4000
500,7101,120,4000
500,8101,106,4000
500,7101,132,4000
500,8101,124,4000
500,7101,139,4000
500,8101,110,4000
500,7101,115,4000
500,7101,166,4000
500,7101,114,4000
500,7101,112,4000
500,8101,110,4000
500,7101,120,4000
500,7101,157,4000
500,8101,73,4000
500,8101,89,4000
500,7101,108,4000
500,7101,192,4000
500,7101,117,4000
500,7101,148,4000
500,8101,124,4000
500,7101,128,4000
500,8101,95,4000
500,7101,232,4000
500,8101,84,4000
500,7101,163,4000
500,7101,105,4000
500,8101,105,4000
500,7101,141,4000
500,7101,189,4000
500,7101,186,4000
500,8101,123,4000
500,8101,81,4000
500,7101,225,4000
500,8101,112,4000
500,8101,108,4000
500,8101,135,4000
500,7101,173,4000
500,7101,150,4000
500,7101,135,4000
500,7101,165,4000
500,7101,168,4000
500,7101,168,4000
500,8101,86,4000
500,8101,150,4000
500,7101,194,4000
500,7101,161,4000
500,8101,107,4000
500,7101,168,4000
500,8101,84,4000
500,6001,1105,4500
500,7101,1228,4500
500,6001,1150,4500
500,6801,1054,4500
500,7101,1291,4500
500,6801,986,4500
500,6001,1131,4500
500,7101,1183,4500
500,6901,1064,4500
500,6001,1131,4500
500,7001,1175,4500
500,6801,976,4500
500,6101,1238,4500
500,6101,1259,4500
500,6001,1222,4500
500,6101,1219,4500
500,6901,1046,4500
500,6001,1166,4500
500,6801,1003,4500
500,7101,1269,4500
500,6101,1272,4500
500,6101,1260,4500
500,7101,1266,4500
500,6101,1296,4500
500,7101,1330,4500
500,6001,1155,4500
500,6001,1125,4500
500,6001,1169,4500
500,6101,1262,4500
500,7101,1250,4500
500,6001,1132,4500
500,5901,1075,4500
500,7001,1069,4500
500,5901,1058,4500
500,6001,1196,4500
500,7001,1206,4500
500,6001,1128,4500
500,7001,1139,4500
500,7101,1321,4500
500,6101,1285,4500
500,6001,1201,4500
500,6801,900,4500
500,5901,1114,4500
500,6001,1151,4500
500,7001,1169,4500
500,5901,1071,4500
500,5901,1031,4500
500,6001,1177,4500
500,6001,1176,4500
500,6101,1217,4500
500,5901,1103,4500
500,6101,1263,4500
500,7001,1195,4500
500,6101,1310,4500
500,6101,1270,4500
500,5901,1067,4500
500,7101,1287,4500
500,6001,1136,4500
500,7001,1163,4500
500,6101,1266,4500
500,6101,1268,4500
500,6001,1188,4500
500,6901,1015,4500
500,7001,1132,4500
500,6901,1046,4500
500,6001,1104,4500
500,6001,1128,4500
500,7001,1162,4500
500,7101,1258,4500
500,6901,1051,4500
500,6001,1128,4500
500,6101,1210,4500
500,7101,1176,4500
500,7101,1260,4500
500,5901,1081,4500
500,5901,1111,4500
500,7101,1266,4500
500,6001,1130,4500
500,6901,1146,4500
500,6001,1185,4500
500,7001,1173,4500
500,6001,1139,4500
500,6101,1280,4500
500,6001,1169,4500
500,5901,1064,4500
500,7101,1327,4500
500,5901,1105,4500
500,7101,1300,4500
500,7001,1144,4500
500,6901,1053,4500
500,5901,1072,4500
500,6001,1208,4500
500,7201,1289,4500
500,6001,1116,4500
500,6001,1205,4500
500,5901,1052,4500
500,6101,1437,4500
500,6001,1178,4500
500,5901,1105,4500
500,7101,1301,4500
1000,4501,0,500
1000,4501,0,500
1000,4501,0,500
1000,4501,0,500
1000,4501,0,500
1000,4501,0,500
1000,4501,0,500
1000,4501,0,500
1000,4501,0,500
1000,4501,0,500
1000,4501,0,500
1000,4501,0,500
1000,4501,0,500
1000,4501,0,500
1000,4501,0,500
1000,4501,0,500
1000,4501,0,500
1000,4501,0,500
1000,4501,0,500
1000,4501,0,500
1000,4501,0,500
1000,4501,0,500
1000,4501,0,500
1000,4501,0,500
1000,4501,0,500
1000,4501,0,500
1000,4501,0,500
1000,4501,0,500
1000,4501,0,500
1000,4501,0,500
1000,4501,0,500
1000,4501,0,500
1000,4501,0,500
1000,4501,0,500
1000,4501,0,500
1000,4501,0,500
1000,4501,0,500
1000,4501,0,500
1000,4501,0,500
1000,4501,0,500
1000,4501,0,500
1000,4501,0,500
1000,4501,0,500
1000,4501,0,500
1000,4501,0,500
1000,4501,0,500
1000,4501,0,500
1000,4501,0,500
1000,4501,0,500
1000,4501,0,500
1000,4501,0,500
1000,4501,0,500
1000,4501,0,500
1000,4501,0,500
1000,4501,0,500
1000,4501,0,500
1000,4501,0,500
1000,4501,0,500
1000,4501,0,500
1000,4501,0,500
1000,4501,0,500
1000,4501,0,500
1000,4501,0,500
1000,4501,0,500
1000,4501,0,500
1000,4501,0,500
1000,4501,0,500
1000,4501,0,500
1000,4501,0,500
1000,4501,0,500
1000,4501,0,500
1000,4501,0,500
1000,4501,0,500
1000,4501,0,500
1000,4501,0,500
1000,4501,0,500
1000,4501,0,500
1000,4501,0,500
1000,4501,0,500
1000,4501,0,500
1000,4501,0,500
1000,4501,0,500
1000,4501,0,500
1000,4501,0,500
1000,4501,0,500
1000,4501,0,500
1000,4501,0,500
1000,4501,0,500
1000,4501,0,500
1000,4501,0,500
1000,4501,0,500
1000,4501,0,500
1000,4501,0,500
1000,4501,0,500
1000,4501,0,500
1000,4501,0,500
1000,4501,0,500
1000,4501,0,500
1000,4501,0,500
1000,4501,0,500
1000,8201,0,1000
1000,8201,0,1000
1000,8201,0,1000
1000,8201,0,1000
1000,8201,0,1000
1000,8201,0,1000
1000,8201,0,1000
1000,8201,0,1000
1000,8201,0,1000
1000,8201,0,1000
1000,8201,0,1000
1000,8201,0,1000
1000,8201,0,1000
1000,8201,0,1000
1000,8201,0,1000
1000,8201,0,1000
1000,8201,0,1000
1000,8201,0,1000
1000,8201,0,1000
1000,8201,0,1000
1000,8201,0,1000
1000,8201,0,1000
1000,8201,0,1000
1000,8201,0,1000
1000,8201,0,1000
1000,8201,0,1000
1000,8201,0,1000
1000,8201,0,1000
1000,8201,0,1000
1000,8201,0,1000
1000,8201,0,1000
1000,8201,0,1000
1000,8201,0,1000
1000,8201,0,1000
1000,8201,0,1000
1000,8201,0,1000
1000,8201,0,1000
1000,8201,0,1000
1000,8201,0,1000
1000,8201,0,1000
1000,8201,0,1000
1000,8201,0,1000
1000,8201,0,1000
1000,8201,0,1000
1000,8201,0,1000
1000,8201,0,1000
1000,8201,0,1000
1000,8201,0,1000
1000,8201,0,1000
1000,8201,0,1000
1000,8201,0,1000
1000,8201,0,1000
1000,8201,0,1000
1000,8201,0,1000
1000,8201,0,1000
1000,8201,0,1000
1000,8201,0,1000
1000,8201,0,1000
1000,8201,0,1000
1000,8201,0,1000
1000,8201,0,1000
1000,8201,0,1000
1000,8201,0,1000
1000,8201,0,1000
1000,8201,0,1000
1000,8201,0,1000
1000,8201,0,1000
1000,8201,0,1000
1000,8201,0,1000
1000,8201,0,1000
1000,8201,0,1000
1000,8201,0,1000
1000,8201,0,1000
1000,8201,0,1000
1000,8201,0,1000
1000,8201,0,1000
1000,8201,0,1000
1000,8201,0,1000
1000,8201,0,1000
1000,8201,0,1000
1000,8201,0,1000
1000,8201,0,1000
1000,8201,0,1000
1000,8201,0,1000
1000,8201,0,1000
1000,8201,0,1000
1000,8201,0,1000
1000,8201,0,1000
1000,8201,0,1000
1000,8201,0,1000
1000,8201,0,1000
1000,8201,0,1000
1000,8201,0,1000
1000,8201,0,1000
1000,8201,0,1000
1000,8201,0,1000
1000,8201,0,1000
1000,8201,0,1000
1000,8201,0,1000
1000,8201,0,1000
1000,11301,0,1500
1000,11301,0,1500
1000,11301,0,1500
1000,11301,0,1500
1000,11301,0,1500
1000,11301,0,1500
1000,11301,0,1500
1000,11301,0,1500
1000,11301,0,1500
1000,11301,0,1500
1000,11301,0,1500
1000,11301,0,1500
1000,11301,0,1500
1000,11301,0,1500
1000,11301,0,1500
1000,11301,0,1500
1000,11301,0,1500
1000,11301,0,1500
1000,11301,0,1500
1000,11301,0,1500
1000,11301,0,1500
1000,10901,0,1500
1000,11301,0,1500
1000,11301,0,1500
1000,11301,0,1500
1000,11301,0,1500
1000,11301,0,1500
1000,10901,0,1500
1000,11301,0,1500
1000,11301,0,1500
1000,10901,0,1500
1000,11301,0,1500
1000,10901,0,1500
1000,11301,0,1500
1000,11301,0,1500
1000,11301,0,1500
1000,11301,0,1500
1000,11301,0,1500
1000,11301,0,1500
1000,11301,0,1500
1000,11301,0,1500
1000,11301,0,1500
1000,11301,0,1500
1000,11301,0,1500
1000,11301,0,1500
1000,11301,0,1500
1000,11301,0,1500
1000,11301,0,1500
1000,11301,0,1500
1000,11301,0,1500
1000,11301,0,1500
1000,11301,0,1500
1000,11301,0,1500
1000,11301,0,1500
1000,11301,0,1500
1000,11301,0,1500
1000,11301,0,1500
1000,11301,0,1500
1000,11301,0,1500
1000,11301,0,1500
1000,11301,0,1500
1000,11301,0,1500
1000,11301,0,1500
1000,11301,0,1500
1000,11301,0,1500
1000,11301,0,1500
1000,11301,0,1500
1000,11301,0,1500
1000,11301,0,1500
1000,11301,0,1500
1000,11301,0,1500
1000,11301,0,1500
1000,11301,0,1500
1000,11301,0,1500
1000,11301,0,1500
1000,11301,0,1500
1000,11301,0,1500
1000,11301,0,1500
1000,11301,0,1500
1000,11301,0,1500
1000,11301,0,1500
1000,11301,0,1500
1000,11301,0,1500
1000,11301,0,1500
1000,11301,0,1500
1000,11301,0,1500
1000,11301,0,1500
1000,11301,0,1500
1000,11301,0,1500
1000,11301,0,1500
1000,11301,0,1500
1000,11301,0,1500
1000,11301,0,1500
1000,11301,0,1500
1000,11301,0,1500
1000,11301,0,1500
1000,11301,0,1500
1000,11301,0,1500
1000,11301,0,1500
1000,11301,0,1500
1000,14101,0,2000
1000,14101,0,2000
1000,14101,0,2000
1000,14101,0,2000
1000,14101,0,2000
1000,14101,0,2000
1000,13601,0,2000
1000,14101,0,2000
1000,14101,0,2000
1000,13601,0,2000
1000,14101,0,2000
1000,14101,0,2000
1000,14101,0,2000
1000,14101,0,2000
1000,14101,0,2000
1000,14101,0,2000
1000,14101,0,2000
1000,14101,0,2000
1000,13601,0,2000
1000,14101,0,2000
1000,13601,0,2000
1000,14101,0,2000
1000,14101,0,2000
1000,14101,0,2000
1000,13601,0,2000
1000,14101,0,2000
1000,13601,0,2000
1000,14101,0,2000
1000,13601,0,2000
1000,14101,0,2000
1000,13601,0,2000
1000,13601,0,2000
1000,14101,0,2000
1000,14101,0,2000
1000,14101,0,2000
1000,14101,0,2000
1000,14101,0,2000
1000,14101,0,2000
1000,14101,0,2000
1000,14101,0,2000
1000,14101,0,2000
1000,14101,0,2000
1000,14101,0,2000
1000,14101,0,2000
1000,13601,0,2000
1000,14101,0,2000
1000,14101,0,2000
1000,14101,0,2000
1000,13601,0,2000
1000,14101,0,2000
1000,14101,0,2000
1000,14101,0,2000
1000,13601,0,2000
1000,14101,0,2000
1000,13601,0,2000
1000,14101,0,2000
1000,14101,0,2000
1000,14101,0,2000
1000,14101,0,2000
1000,14101,0,2000
1000,14101,0,2000
1000,14101,0,2000
1000,14101,0,2000
1000,14101,0,2000
1000,14101,0,2000
1000,14101,0,2000
1000,14101,0,2000
1000,14101,0,2000
1000,14101,0,2000
1000,14101,0,2000
1000,14101,0,2000
1000,13601,0,2000
1000,14101,0,2000
1000,14101,0,2000
1000,14101,0,2000
1000,14101,0,2000
1000,14101,0,2000
1000,14101,0,2000
1000,14101,0,2000
1000,14101,0,2000
1000,14101,0,2000
1000,13601,0,2000
1000,13601,0,2000
1000,14101,0,2000
1000,14101,0,2000
1000,13601,0,2000
1000,14101,0,2000
1000,14101,0,2000
1000,14101,0,2000
1000,13601,0,2000
1000,13601,0,2000
1000,14101,0,2000
1000,14101,0,2000
1000,14101,0,2000
1000,14101,0,2000
1000,14101,0,2000
1000,14101,0,2000
1000,13601,0,2000
1000,14101,0,2000
1000,14101,0,2000
1000,16201,0,2500
1000,16901,0,2500
1000,16201,0,2500
1000,16201,0,2500
1000,16801,0,2500
1000,16201,0,2500
1000,16201,0,2500
1000,16201,0,2500
1000,16201,0,2500
1000,16201,0,2500
1000,16201,0,2500
1000,16201,0,2500
1000,16201,0,2500
1000,16201,0,2500
1000,16201,0,2500
1000,16201,0,2500
1000,16201,0,2500
1000,16201,0,2500
1000,16201,0,2500
1000,16201,0,2500
1000,16201,0,2500
1000,16201,0,2500
1000,16901,0,2500
1000,16901,0,2500
1000,16201,0,2500
1000,16801,0,2500
1000,16201,0,2500
1000,16201,0,2500
1000,16201,0,2500
1000,16201,0,2500
1000,16201,0,2500
1000,16201,0,2500
1000,16901,0,2500
1000,16201,0,2500
1000,16201,0,2500
1000,16201,0,2500
1000,16201,0,2500
1000,16201,0,2500
1000,16201,0,2500
1000,16201,0,2500
1000,16201,0,2500
1000,16201,0,2500
1000,16201,0,2500
1000,16201,0,2500
1000,16201,0,2500
1000,16201,0,2500
1000,16101,0,2500
1000,16201,0,2500
1000,16201,0,2500
1000,16201,0,2500
1000,16201,0,2500
1000,16201,0,2500
1000,16201,0,2500
1000,16201,0,2500
1000,16201,0,2500
1000,16201,0,2500
1000,16201,0,2500
1000,16801,0,2500
1000,16201,0,2500
1000,16801,0,2500
1000,16201,0,2500
1000,16201,0,2500
1000,16201,0,2500
1000,16801,0,2500
1000,16901,0,2500
1000,16201,0,2500
1000,16201,0,2500
1000,16201,0,2500
1000,16201,0,2500
1000,16201,0,2500
1000,16201,0,2500
1000,16201,0,2500
1000,16201,0,2500
1000,16201,0,2500
1000,16901,0,2500
1000,16201,0,2500
1000,16201,0,2500
1000,16201,0,2500
1000,16201,0,2500
1000,16201,0,2500
1000,16201,0,2500
1000,16201,0,2500
1000,16201,0,2500
1000,16201,0,2500
1000,16201,0,2500
1000,16201,0,2500
1000,16901,0,2500
1000,16201,0,2500
1000,16201,0,2500
1000,16201,0,2500
1000,16201,0,2500
1000,16201,0,2500
1000,16201,0,2500
1000,16201,0,2500
1000,16201,0,2500
1000,16901,0,2500
1000,16201,0,2500
1000,16201,0,2500
1000,16801,0,2500
1000,16201,0,2500
1000,16901,0,3000
1000,16801,0,3000
1000,17701,0,3000
1000,17601,0,3000
1000,17701,0,3000
1000,16901,0,3000
1000,17701,0,3000
1000,17601,0,3000
1000,18501,0,3000
1000,16901,0,3000
1000,18401,0,3000
1000,17601,0,3000
1000,17601,0,3000
1000,16901,0,3000
1000,16901,0,3000
1000,16901,0,3000
1000,16901,0,3000
1000,17701,0,3000
1000,17701,0,3000
1000,18401,0,3000
1000,16901,0,3000
1000,17701,0,3000
1000,17701,0,3000
1000,17701,0,3000
1000,17601,0,3000
1000,18501,0,3000
1000,18501,0,3000
1000,16101,0,3000
1000,18501,0,3000
1000,17701,0,3000
1000,17701,0,3000
1000,16901,0,3000
1000,16901,0,3000
1000,16901,0,3000
1000,17701,0,3000
1000,17601,0,3000
1000,16901,0,3000
1000,16901,0,3000
1000,18501,0,3000
1000,18501,0,3000
1000,17601,0,3000
1000,17701,0,3000
1000,18501,0,3000
1000,17601,0,3000
1000,18501,0,3000
1000,17701,0,3000
1000,18401,0,3000
1000,18501,0,3000
1000,16901,0,3000
1000,16901,0,3000
1000,17701,0,3000
1000,16901,0,3000
1000,17701,0,3000
1000,18501,0,3000
1000,16801,0,3000
1000,16901,0,3000
1000,18501,0,3000
1000,17701,0,3000
1000,16901,0,3000
1000,17701,0,3000
1000,16901,0,3000
1000,17701,0,3000
1000,17701,0,3000
1000,17701,0,3000
1000,17701,0,3000
1000,16801,0,3000
1000,16901,0,3000
1000,16901,0,3000
1000,16901,0,3000
1000,16801,0,3000
1000,17701,0,3000
1000,16901,0,3000
1000,16901,0,3000
1000,17601,0,3000
1000,18501,0,3000
1000,16901,0,3000
1000,16801,0,3000
1000,16901,0,3000
1000,17601,0,3000
1000,17701,0,3000
1000,17701,0,3000
1000,16101,0,3000
1000,18501,0,3000
1000,17701,0,3000
1000,17601,0,3000
1000,16101,0,3000
1000,18401,0,3000
1000,17701,0,3000
1000,18401,0,3000
1000,18401,0,3000
1000,18401,0,3000
1000,16101,0,3000
1000,18501,0,3000
1000,17701,0,3000
1000,17701,0,3000
1000,17701,0,3000
1000,17701,0,3000
1000,17701,0,3000
1000,17701,0,3000
1000,16801,0,3000
1000,10001,0,3500
1000,10901,0,3500
1000,10901,0,3500
1000,10901,0,3500
1000,10901,0,3500
1000,10001,0,3500
1000,10001,0,3500
1000,9101,0,3500
1000,10001,0,3500
1000,10001,0,3500
1000,10001,0,3500
1000,10001,0,3500
1000,10001,0,3500
1000,9101,0,3500
1000,10001,0,3500
1000,9101,0,3500
1000,10901,0,3500
1000,10001,0,3500
1000,9101,0,3500
1000,10001,0,3500
1000,10901,0,3500
1000,10001,0,3500
1000,9101,0,3500
1000,9101,0,3500
1000,9101,0,3500
1000,9101,0,3500
1000,9101,0,3500
1000,10001,0,3500
1000,12701,0,3500
1000,10001,0,3500
1000,12701,0,3500
1000,10001,0,3500
1000,10901,0,3500
1000,10001,0,3500
1000,10901,0,3500
1000,9101,0,3500
1000,10001,0,3500
1000,10001,0,3500
1000,10001,0,3500
1000,9101,0,3500
1000,10001,0,3500
1000,9101,0,3500
1000,11801,0,3500
1000,10001,0,3500
1000,10901,0,3500
1000,10001,0,3500
1000,10901,0,3500
1000,9101,0,3500
1000,9101,0,3500
1000,9101,0,3500
1000,10001,0,3500
1000,9101,0,3500
1000,10001,0,3500
1000,10001,0,3500
1000,10001,0,3500
1000,10001,0,3500
1000,10001,0,3500
1000,10001,0,3500
1000,10001,0,3500
1000,10001,0,3500
1000,9101,0,3500
1000,10001,0,3500
1000,9101,0,3500
1000,10001,0,3500
1000,10001,0,3500
1000,10901,0,3500
1000,9101,0,3500
1000,10001,0,3500
1000,10901,0,3500
1000,10901,0,3500
1000,10001,0,3500
1000,9101,0,3500
1000,10001,0,3500
1000,10001,0,3500
1000,10001,0,3500
1000,10001,0,3500
1000,10001,0,3500
1000,9101,0,3500
1000,10001,0,3500
1000,9101,0,3500
1000,9101,0,3500
1000,9101,0,3500
1000,10001,0,3500
1000,10901,0,3500
1000,11801,0,3500
1000,11801,0,3500
1000,10901,0,3500
1000,8201,0,3500
1000,9101,0,3500
1000,10001,0,3500
1000,10001,0,3500
1000,10901,0,3500
1000,10001,0,3500
1000,9101,0,3500
1000,9101,0,3500
1000,10001,0,3500
1000,10001,0,3500
1000,10001,0,3500
1000,10001,0,3500
1000,10001,0,3500
1000,7101,0,4000
1000,8101,0,4000
1000,8101,0,4000
1000,7101,0,4000
1000,7101,0,4000
1000,7101,0,4000
1000,7101,0,4000
1000,8101,0,4000
1000,7101,0,4000
1000,7101,0,4000
1000,7101,0,4000
1000,7101,0,4000
1000,8101,0,4000
1000,7101,0,4000
1000,7101,0,4000
1000,7101,0,4000
1000,8101,0,4000
1000,8101,0,4000
1000,7101,0,4000
1000,7101,0,4000
1000,7101,0,4000
1000,8101,0,4000
1000,7101,0,4000
1000,7101,0,4000
1000,7101,0,4000
1000,7101,0,4000
1000,7101,0,4000
1000,8101,0,4000
1000,7101,0,4000
1000,7101,0,4000
1000,7101,0,4000
1000,7101,0,4000
1000,7101,0,4000
1000,7101,0,4000
1000,8101,0,4000
1000,7101,0,4000
1000,7101,0,4000
1000,7101,0,4000
1000,7101,0,4000
1000,7101,0,4000
1000,7101,0,4000
1000,7101,0,4000
1000,7101,0,4000
1000,7101,0,4000
1000,7101,0,4000
1000,7101,0,4000
1000,7101,0,4000
1000,8101,0,4000
1000,7101,0,4000
1000,8101,0,4000
1000,7101,0,4000
1000,7101,0,4000
1000,7101,0,4000
1000,7101,0,4000
1000,7101,0,4000
1000,7101,0,4000
1000,7101,0,4000
1000,8101,0,4000
1000,7101,0,4000
1000,7101,0,4000
1000,7101,0,4000
1000,7101,0,4000
1000,7101,0,4000
1000,8101,0,4000
1000,7101,0,4000
1000,8101,0,4000
1000,7101,0,4000
1000,7101,0,4000
1000,7101,0,4000
1000,7101,0,4000
1000,8101,0,4000
1000,8101,0,4000
1000,8101,0,4000
1000,7101,0,4000
1000,8101,0,4000
1000,7101,0,4000
1000,8101,0,4000
1000,8101,0,4000
1000,8101,0,4000
1000,7101,0,4000
1000,8101,0,4000
1000,7101,0,4000
1000,8101,0,4000
1000,7101,0,4000
1000,7101,0,4000
1000,7101,0,4000
1000,7101,0,4000
1000,7101,0,4000
1000,8101,0,4000
1000,8101,0,4000
1000,7101,0,4000
1000,8101,0,4000
1000,7101,0,4000
1000,8101,0,4000
1000,7101,0,4000
1000,7101,0,4000
1000,8101,0,4000
1000,8101,0,4000
1000,7101,0,4000
1000,7101,0,4000
1000,5901,0,4500
1000,6901,0,4500
1000,6801,0,4500
1000,6901,0,4500
1000,7001,0,4500
1000,6101,47,4500
1000,7001,22,4500
1000,6001,0,4500
1000,7101,26,4500
1000,6001,25,4500
1000,7001,0,4500
1000,6901,0,4500
1000,6801,0,4500
1000,7001,0,4500
1000,7101,29,4500
1000,6101,45,4500
1000,6101,28,4500
1000,6001,31,4500
1000,6901,0,4500
1000,7101,15,4500
1000,6101,15,4500
1000,5901,26,4500
1000,5901,31,4500
1000,6101,22,4500
1000,6801,0,4500
1000,6801,0,4500
1000,6101,30,4500
1000,6801,0,4500
1000,6901,0,4500
1000,5901,29,4500
1000,6901,0,4500
1000,5901,0,4500
1000,6801,0,4500
1000,6001,0,4500
1000,7101,0,4500
1000,6901,0,4500
1000,6001,47,4500
1000,7101,23,4500
1000,6001,12,4500
1000,6801,0,4500
1000,6001,52,4500
1000,7001,35,4500
1000,6901,22,4500
1000,6801,0,4500
1000,6001,42,4500
1000,6801,0,4500
1000,6901,0,4500
1000,5901,0,4500
1000,7201,32,4500
1000,6001,36,4500
1000,6801,0,4500
1000,6101,30,4500
1000,7101,0,4500
1000,7001,37,4500
1000,6001,0,4500
1000,6001,10,4500
1000,6701,0,4500
1000,5901,0,4500
1000,6801,0,4500
1000,6101,21,4500
1000,6101,15,4500
1000,7001,33,4500
1000,6001,41,4500
1000,5901,0,4500
1000,7001,48,4500
1000,7001,36,4500
1000,7101,21,4500
1000,6801,24,4500
1000,5901,0,4500
1000,6101,18,4500
1000,6001,43,4500
1000,6901,0,4500
1000,6901,0,4500
1000,7101,0,4500
1000,7001,20,4500
1000,6001,0,4500
1000,7101,0,4500
1000,6001,36,4500
1000,6101,23,4500
1000,6001,0,4500
1000,6901,0,4500
1000,6001,745,4500
1000,5901,0,4500
1000,6901,0,4500
1000,6901,0,4500
1000,6001,27,4500
1000,7001,0,4500
1000,6001,24,4500
1000,6001,0,4500
1000,6001,25,4500
1000,6801,0,4500
1000,5901,32,4500
1000,5901,0,4500
1000,5901,61,4500
1000,5901,0,4500
1000,6801,26,4500
1000,7101,0,4500
1000,6101,32,4500
1000,7001,0,4500
1000,6001,14,4500
